iPhone Model,,Grade A,Grade B+,Grade B,Grade C,Grade D,DOA
iPhone 16 Pro Max 256GB Unlocked,,$840,$830,$810,$630,$340,$200
iPhone 16 Pro Max 512GB Unlocked,,$890,$880,$860,$680,$380,$200
iPhone 16 Pro Max 1TB Unlocked,,$940,$930,$910,$730,$425,$200
iPhone 16 Pro Max 256GB Carrier Locked,,$605,$595,$585,$435,$250,$200
iPhone 16 Pro Max 512GB Carrier Locked,,$660,$650,$630,$480,$270,$200
iPhone 16 Pro Max 1TB Carrier Locked,,$695,$685,$655,$505,$290,$200
iPhone 16 Pro 128GB Unlocked,,$725,$715,$675,$525,$275,$155
iPhone 16 Pro 256GB Unlocked,,$775,$765,$725,$575,$325,$155
iPhone 16 Pro 512GB Unlocked,,$825,$815,$775,$625,$375,$155
iPhone 16 Pro 1TB Unlocked,,$855,$845,$805,$655,$405,$155
iPhone 16 Pro 128GB Carrier Locked,,$460,$450,$440,$265,$190,$155
iPhone 16 Pro 256GB Carrier Locked,,$510,$500,$480,$305,$215,$155
iPhone 16 Pro 512GB Carrier Locked,,$545,$535,$515,$340,$235,$155
iPhone 16 Pro 1TB Carrier Locked,,$590,$580,$560,$385,$250,$155
iPhone 16 Plus 128GB Unlocked,,$560,$550,$525,$395,$205,$105
iPhone 16 Plus 256GB Unlocked,,$610,$600,$575,$445,$255,$105
iPhone 16 Plus 512GB Unlocked,,$635,$625,$600,$470,$280,$105
iPhone 16 Plus 128GB Carrier Locked,,$335,$325,$325,$225,$130,$105
iPhone 16 Plus 256GB Carrier Locked ,,$390,$380,$370,$270,$150,$105
iPhone 16 Plus 512GB Carrier Locked ,,$420,$410,$400,$300,$170,$105
iPhone 16 128GB Unlocked,,$520,$510,$490,$360,$175,$90
iPhone 16 256GB Unlocked,,$560,$550,$530,$400,$215,$90
iPhone 16 512GB Unlocked,,$585,$575,$555,$425,$240,$90
iPhone 16 128GB Carrier Locked,,$310,$300,$300,$200,$75,$90
iPhone 16 256GB Carrier Locked,,$360,$350,$340,$240,$115,$90
iPhone 16 512GB Carrier Locked,,$385,$375,$365,$265,$140,$90
iPhone 16e 128GB Unlocked,,$330,$320,$300,$180,$125,$65
iPhone 16e 256GB Unlocked,,$360,$350,$330,$210,$145,$65
iPhone 16e 512GB Unlocked,,$385,$375,$355,$235,$165,$65
iPhone 16e 128GB Carrier Locked,,$195,$185,$170,$100,$75,$65
iPhone 16e 256GB Carrier Locked,,$230,$220,$205,$135,$95,$65
iPhone 16e 512GB Carrier Locked,,$270,$260,$245,$175,$110,$65
iPhone 15 Pro Max 256GB Unlocked,,$660,$650,$630,$450,$280,$150
iPhone 15 Pro Max 512GB Unlocked,,$685,$675,$655,$475,$305,$150
iPhone 15 Pro Max 1TB Unlocked,,$705,$695,$675,$495,$325,$150
iPhone 15 Pro Max 256GB Carrier Locked ,,$450,$430,$430,$300,$200,$150
iPhone 15 Pro Max 512GB Carrier Locked ,,$480,$460,$460,$330,$230,$150
iPhone 15 Pro Max 1TB Carrier Locked ,,$560,$480,$480,$350,$250,$150
iPhone 15 Pro 128GB Unlocked,,$500,$490,$450,$300,$205,$115
iPhone 15 Pro 256GB Unlocked,,$520,$510,$470,$320,$225,$115
iPhone 15 Pro 512GB Unlocked,,$520,$510,$490,$340,$245,$115
iPhone 15 Pro 1TB Unlocked,,$540,$530,$510,$360,$265,$115
iPhone 15 Pro 128GB Carrier Locked ,,$360,$340,$340,$220,$170,$115
iPhone 15 Pro 256GB Carrier Locked,,$370,$370,$370,$250,$200,$115
iPhone 15 Pro 512GB Carrier Locked ,,$380,$380,$380,$260,$210,$115
iPhone 15 Pro 1TB Carrier Locked ,,$400,$400,$400,$280,$230,$115
iPhone 15 Plus 128GB Unlocked,,$445,$440,$420,$295,$210,$95
iPhone 15 Plus 256GB Unlocked,,$465,$460,$440,$315,$230,$95
iPhone 15 Plus 512GB Unlocked,,$485,$480,$460,$335,$250,$95
iPhone 15 Plus 128GB Carrier Locked ,,$270,$255,$255,$155,$105,$95
iPhone 15 Plus 256GB Carrier Locked ,,$295,$280,$280,$180,$130,$95
iPhone 15 Plus 512GB Carrier Locked  ,,$325,$310,$310,$210,$160,$95
iPhone 15 128GB Unlocked,,$410,$395,$375,$275,$170,$65
iPhone 15 256GB Unlocked,,$430,$415,$395,$295,$190,$65
iPhone 15 512GB Unlocked,,$450,$435,$415,$315,$210,$65
iPhone 15 128GB Carrier Locked ,,$230,$215,$215,$115,$55,$65
iPhone 15 256GB Carrier Locked ,,$275,$260,$260,$160,$100,$65
iPhone 15 512GB Carrier Locked ,,$300,$285,$285,$185,$125,$65
iPhone 14 Pro Max 128GB Unlocked,,$435,$425,$410,$270,$180,$110
iPhone 14 Pro Max 256GB Unlocked,,$455,$445,$430,$290,$200,$110
iPhone 14 Pro Max 512GB Unlocked,,$475,$465,$450,$310,$220,$110
iPhone 14 Pro Max 1TB Unlocked,,$495,$485,$470,$330,$240,$110
iPhone 14 Pro Max 128GB Carrier Locked ,,$335,$320,$320,$220,$120,$110
iPhone 14 Pro Max 256GB Carrier Locked ,,$350,$335,$335,$235,$135,$110
iPhone 14 Pro Max 512GB Carrier Locked ,,$365,$350,$350,$250,$150,$110
iPhone 14 Pro Max 1TB Carrier Locked ,,$385,$370,$370,$270,$170,$110
iPhone 14 Pro 128GB Unlocked,,$360,$345,$330,$220,$120,$80
iPhone 14 Pro 256GB Unlocked,,$380,$365,$350,$240,$140,$80
iPhone 14 Pro 512GB Unlocked,,$400,$385,$370,$260,$160,$80
iPhone 14 Pro 1TB Unlocked,,$420,$405,$390,$280,$180,$80
iPhone 14 Pro 128GB Carrier Locked ,,$245,$235,$235,$145,$45,$80
iPhone 14 Pro 256GB Carrier Locked ,,$280,$265,$265,$175,$75,$80
iPhone 14 Pro 512GB Carrier Locked ,,$300,$285,$285,$195,$95,$80
iPhone 14 Pro 1TB Carrier Locked ,,$320,$305,$305,$215,$115,$80
iPhone 14 Plus 128GB Unlocked,,$325,$320,$310,$180,$85,$65
iPhone 14 Plus 256GB Unlocked,,$345,$340,$330,$200,$105,$65
iPhone 14 Plus 512GB Unlocked,,$355,$350,$340,$210,$115,$65
iPhone 14 Plus 128GB Carrier Locked ,,$175,$165,$165,$85,$35,$65
iPhone 14 Plus 256GB Carrier Locked ,,$180,$175,$175,$95,$45,$65
iPhone 14 Plus 512GB Carrier Locked ,,$200,$185,$185,$105,$55,$65
iPhone 14 128GB Unlocked,,$250,$240,$230,$110,$35,$50
iPhone 14 256GB Unlocked,,$275,$265,$250,$130,$55,$50
iPhone 14 512GB Unlocked,,$290,$280,$265,$145,$70,$50
iPhone 14 128GB Carrier Locked ,,$155,$145,$145,$65,$55,$50
iPhone 14 256GB Carrier Locked ,,$175,$160,$160,$80,$5,$50
iPhone 14 512GB Carrier Locked ,,$185,$170,$170,$90,$15,$50
iPhone 13 Pro Max 128GB Unlocked,,$385,$370,$355,$245,$145,$85
iPhone 13 Pro Max 256GB Unlocked,,$405,$390,$375,$265,$165,$85
iPhone 13 Pro Max 512GB Unlocked,,$420,$405,$390,$280,$180,$85
iPhone 13 Pro Max 1TB Unlocked,,$435,$420,$405,$295,$195,$85
iPhone 13 Pro Max 128GB Carrier Locked ,,$230,$220,$220,$130,$105,$85
iPhone 13 Pro Max 256GB Carrier Locked ,,$250,$240,$240,$150,$95,$85
iPhone 13 Pro Max 512GB Carrier Locked ,,$265,$255,$255,$165,$85,$85
iPhone 13 Pro Max 1TB Carrier Locked ,,$275,$265,$265,$175,$95,$85
iPhone 13 Pro 128GB Unlocked,,$320,$310,$300,$210,$130,$65
iPhone 13 Pro 256GB Unlocked,,$340,$330,$320,$230,$150,$65
iPhone 13 Pro 512GB Unlocked,,$360,$350,$340,$250,$170,$65
iPhone 13 Pro 1TB Unlocked,,$370,$360,$350,$260,$180,$65
iPhone 13 Pro 128GB Carrier Locked ,,$190,$180,$180,$105,$55,$65
iPhone 13 Pro 256GB Carrier Locked ,,$210,$200,$200,$125,$75,$65
iPhone 13 Pro 512GB Carrier Locked ,,$220,$210,$210,$135,$85,$65
iPhone 13 Pro 1TB Carrier Locked ,,$230,$220,$220,$145,$95,$65
iPhone 13 128GB Unlocked,,$230,$210,$200,$120,$95,$45
iPhone 13 256GB Unlocked,,$240,$230,$220,$140,$95,$45
iPhone 13 512GB Unlocked,,$250,$240,$230,$150,$95,$45
iPhone 13 128GB Carrier Locked ,,$145,$135,$135,$75,$65,$45
iPhone 13 256GB Carrier Locked ,,$150,$140,$140,$80,$65,$45
iPhone 13 512GB Carrier Locked,,$155,$145,$145,$85,$65,$45
iPhone 13 Mini 128GB ,,$205,$190,$175,$105,$45,$40
iPhone 13 Mini 256GB ,,$210,$200,$185,$115,$55,$40
iPhone 13 Mini 512GB ,,$220,$210,$195,$125,$65,$40
iPhone 13 Mini 128GB Carrier Locked  ,,$110,$100,$100,$50,$35,$40
iPhone 13 Mini 256GB Carrier Locked  ,,$115,$105,$105,$55,$40,$40
iPhone 13 Mini 512GB Carrier Locked  ,,$120,$110,$110,$60,$45,$40
iPhone SE (3rd Gen) 64GB Unlocked,,$95,$80,$70,$25,$15,$10
iPhone SE (3rd Gen) 128GB Unlocked,,$105,$90,$80,$35,$25,$10
iPhone SE (3rd Gen) 256GB Unlocked,,$110,$100,$90,$45,$35,$10
iPhone SE (3rd Gen) 64GB Carrier Locked ,,$60,$50,$40,$15,$15,$10
iPhone SE (3rd Gen) 128GB Carrier Locked ,,$60,$50,$40,$15,$15,$10
iPhone SE (3rd Gen) 256GB Carrier Locked ,,$60,$50,$40,$15,$15,$10
iPhone 12 Pro Max 128GB Unlocked,,$305,$290,$275,$190,$95,$60
iPhone 12 Pro Max 256GB Unlocked,,$325,$310,$295,$210,$115,$60
iPhone 12 Pro Max 512GB Unlocked,,$335,$325,$310,$225,$130,$60
iPhone 12 Pro Max 128GB Carrier Locked ,,$175,$170,$170,$85,$70,$60
iPhone 12 Pro Max 256GB Carrier Locked ,,$185,$180,$180,$95,$80,$60
iPhone 12 Pro Max 512GB Carrier Locked ,,$190,$185,$185,$100,$85,$60
iPhone 12 Pro 128GB Unlocked,,$250,$235,$225,$155,$105,$45
iPhone 12 Pro 256GB Unlocked,,$265,$250,$240,$170,$120,$45
iPhone 12 Pro 512GB Unlocked,,$280,$265,$255,$185,$135,$45
iPhone 12 Pro 128GB Carrier Locked ,,$140,$135,$135,$65,$45,$45
iPhone 12 Pro 256GB Carrier Locked ,,$145,$140,$140,$70,$50,$45
iPhone 12 Pro 512GB Carrier Locked ,,$150,$145,$145,$75,$55,$45
iPhone 12 64GB Unlocked,,$160,$150,$140,$85,$45,$35
iPhone 12 128GB Unlocked,,$175,$165,$155,$100,$60,$35
iPhone 12 256GB Unlocked,,$185,$175,$165,$110,$70,$35
iPhone 12 64GB Carrier Locked ,,$105,$95,$100,$55,$40,$35
iPhone 12 128GB Carrier Locked ,,$110,$100,$105,$60,$45,$35
iPhone 12 256GB Carrier Locked,,$115,$105,$110,$65,$50,$35
iPhone 12 Mini 64GB Unlocked,,$140,$130,$120,$70,$35,$30
iPhone 12 Mini 128GB Unlocked,,$155,$145,$135,$75,$50,$30
iPhone 12 Mini 256GB Unlocked,,$165,$155,$140,$80,$55,$30
iPhone 12 Mini 64GB Carrier Locked ,,$70,$70,$70,$25,$35,$30
iPhone 12 Mini 128GB Carrier Locked ,,$75,$75,$75,$30,$35,$30
iPhone 12 Mini 256GB Carrier Locked ,,$80,$80,$80,$35,$35,$30
iPhone 11 Pro Max 64GB Unlocked,,$205,$200,$190,$110,$45,$45
iPhone 11 Pro Max 256GB Unlocked,,$220,$215,$205,$125,$60,$45
iPhone 11 Pro Max 512GB Unlocked,,$230,$225,$215,$135,$70,$45
iPhone 11 Pro Max 64GB Carrier Locked ,,$100,$100,$100,$50,$50,$45
iPhone 11 Pro Max 256GB Carrier Locked ,,$115,$110,$110,$60,$50,$45
iPhone 11 Pro Max 512GB Carrier Locked ,,$120,$115,$115,$65,$50,$45
iPhone 11 Pro 64GB Unlocked,,$185,$175,$165,$85,$25,$30
iPhone 11 Pro 256GB Unlocked,,$205,$195,$185,$105,$45,$30
iPhone 11 Pro 512GB Unlocked,,$215,$205,$195,$115,$55,$30
iPhone 11 Pro 64GB Carrier Locked ,,$85,$85,$85,$40,$0,$30
iPhone 11 Pro 256GB Carrier Locked ,,$90,$90,$90,$45,$0,$30
iPhone 11 Pro 512GB Carrier Locked ,,$95,$95,$95,$50,$0,$30
iPhone 11 64GB Unlocked,,$125,$120,$110,$50,$20,$20
iPhone 11 128GB Unlocked,,$140,$135,$125,$65,$35,$20
iPhone 11 256GB Unlocked,,$150,$145,$135,$75,$45,$20
iPhone 11 64GB Carrier Locked ,,$75,$70,$70,$30,$20,$20
iPhone 11 128GB Carrier Locked ,,$75,$70,$75,$35,$25,$20
iPhone 11 256GB Carrier Locked ,,$80,$75,$80,$40,$30,$20
SE (2020) 64GB Unlocked,,$65,$60,$55,$25,$20,$5
SE (2020) 128GB Unlocked,,$70,$65,$60,$25,$25,$5
SE (2020) 256GB Unlocked,,$75,$70,$65,$30,$25,$5
SE (2020) 64GB Carrier Locked (AT&T + $10),,$20,$20,$20,$10,$5,$5
SE (2020) 128GB Carrier Locked (AT&T + $10),,$20,$20,$20,$10,$5,$5
SE (2020) 256GB Carrier Locked (AT&T + $10),,$20,$20,$20,$10,$5,$5
iPhone XS Max 64GB Unlocked,,$150,$145,$135,$75,$55,$15
iPhone XS Max 256GB Unlocked,,$160,$155,$145,$85,$65,$15
iPhone XS Max 512GB Unlocked,,$165,$160,$150,$90,$70,$15
iPhone XS Max 64GB Carrier Locked (AT&T + $10),,$70,$65,$65,$20,$15,$15
iPhone XS Max 256GB Carrier Locked (AT&T + $10),,$75,$70,$70,$25,$20,$15
iPhone XS Max 512GB Carrier Locked (AT&T + $10),,$80,$75,$75,$30,$25,$15
iPhone XS 64GB Unlocked,,$130,$120,$110,$60,$50,$10
iPhone XS 256GB Unlocked,,$140,$130,$120,$70,$60,$10
iPhone XS 512GB Unlocked,,$150,$140,$130,$80,$70,$10
iPhone XS 64GB Carrier Locked (AT&T + $10),,$55,$50,$50,$15,$15,$10
iPhone XS 256GB Carrier Locked (AT&T + $10),,$55,$55,$55,$20,$20,$10
iPhone XS 512GB Carrier Locked (AT&T + $10),,$55,$55,$55,$20,$20,$10
iPhone XR 64GB Unlocked,,$120,$110,$100,$50,,
iPhone XR 128GB Unlocked,,$130,$120,$110,$60,,
iPhone XR 256GB Unlocked,,$140,$130,$120,$70,$35,$10
iPhone XR 64GB Carrier Locked (AT&T + $10),,$45,$45,$45,$15,$45,$10
iPhone XR 128GB Carrier Locked (AT&T + $10),,$55,$50,$50,$20,$55,$10
iPhone XR 256GB Carrier Locked (AT&T + $10),,$55,$50,$50,$20,$10,$10
iPhone X 64GB Unlocked,,$100.00,$100.00,$95.00,$55.00,$15,$10
iPhone X 256GB Unlocked,,$110.00,$110.00,$105.00,$65.00,$15,$10
iPhone X 64GB Carrier Locked,,$40.00,$40.00,$45.00,$20.00,,
iPhone X 256GB Carrier Locked,,$40.00,$40.00,$45.00,$20.00,,
iPhone X 64GB CDMA,,$40.00,$40.00,$45.00,$20.00,,
iPhone X 64GB CDMA,,$40.00,$40.00,$45.00,$20.00,,
iPhone 8 Plus 64 GB Unlocked ,,$65.00,$65.00,$65.00,$35.00,,
iPhone 8 Plus 128GB Unlocked ,,$80.00,$80.00,$75.00,$45.00,,
iPhone 8 Plus 256GB Unlocked ,,$85.00,$85.00,$80.00,$50.00,,
iPhone 8 Plus 64 GB Carrier Locked,,$35.00,$35.00,$35.00,$10.00,,
iPhone 8 Plus 128GB Carrier Locked,,$30.00,$30.00,$35.00,$10.00,,
iPhone 8 Plus 256GB Carrier Locked,,$30.00,$30.00,$35.00,$10.00,,
iPhone 8 Plus 64GB CDMA,,$35.00,$35.00,$35.00,$10.00,,
iPhone 8 Plus 128GB CDMA,,$30.00,$30.00,$35.00,$10.00,,
iPhone 8 Plus 256GB CDMA,,$30.00,$30.00,$35.00,$10.00,,
iPhone 8 64GB Unlocked,,$45.00,$45.00,$45.00,$25.00,,
iPhone 8 256GB Unlocked,,$55.00,$55.00,$50.00,$25.00,,
iPhone 8 512GB Unlocked,,$55.00,$55.00,$55.00,$25.00,,
iPhone 8 64GB Carrier Locked,,$25.00,$25.00,$25.00,$10.00,,
iPhone 8 256GB Carrier Locked,,$25.00,$25.00,$25.00,$10.00,,
iPhone 8 512GB Carrier Locked,,$25.00,$25.00,$25.00,$10.00,,
iPhone 8 64GB CDMA,,$25.00,$25.00,$25.00,$10.00,,
iPhone 8 256GB CDMA,,$25.00,$25.00,$25.00,$10.00,,
iPhone 8 512GB CDMA,,$25.00,$25.00,$25.00,$10.00,,
iPhone 7 Plus 32GB Unlocked,,$40.00,$40.00,$45.00,$30.00,,
iPhone 7 Plus 128GB Unlocked,,$45.00,$45.00,$50.00,$30.00,,
iPhone 7 Plus 256GB Unlocked,,$50.00,$50.00,$55.00,$30.00,,
iPhone 7 Plus 32GB Carrier Locked,,$15.00,$15.00,$15.00,$10.00,,
iPhone 7 Plus 128GB Carrier Locked,,$15.00,$15.00,$15.00,$10.00,,
iPhone 7 Plus 256GB Carrier Locked,,$15.00,$15.00,$15.00,$10.00,,
iPhone 7 Plus 64GB CDMA,,$15.00,$15.00,$15.00,$10.00,,
iPhone 7 Plus 128GB CDMA,,$15.00,$15.00,$15.00,$10.00,,
iPhone 7 Plus 256GB CDMA,,$15.00,$15.00,$15.00,$10.00,,
iPhone 7 32GB Unlocked,,$30.00,$30.00,$30.00,$10.00,,
iPhone 7 128GB Unlocked,,$35.00,$35.00,$35.00,$10.00,,
iPhone 7 256GB Unlocked,,$40.00,$40.00,$40.00,$10.00,,
iPhone 7 32GB Carrier Locked,,$10.00,$10.00,$10.00,$5.00,,
iPhone 7 128GB Carrier Locked,,$10.00,$10.00,$10.00,$5.00,,
iPhone 7 256GB Carrier Locked,,$10.00,$10.00,$10.00,$5.00,,
iPhone 7 32GB CDMA,,$10.00,$10.00,$10.00,$5.00,,
iPhone 7 128GB CDMA,,$10.00,$10.00,$10.00,$5.00,,
iPhone 7 256GB CDMA,,$10.00,$10.00,$10.00,$5.00,,
